{
  "project_info": {
    "project_number": "571119197389",
    "project_id": "shoti-d9ef8",
    "storage_bucket": "shoti-d9ef8.firebasestorage.app"
  },
  "client": [
    {
      "client_info": {
        "mobilesdk_app_id": "1:571119197389:android:b7ea36e3d10b0e417bdd84",
        "android_client_info": {
          "package_name": "com.app.shoti"
        }
      },
      "oauth_client": [
        {
          "client_id": "571119197389-b9pub69ooaabnpd9khj3r1nhk0pl2ql8.apps.googleusercontent.com",
          "client_type": 3
        }
      ],
      "api_key": [
        {
          "current_key": "AIzaSyD9wr50rkCooYKCaPwEC-aMHYNLLvZ5Xt8"
        }
      ],
      "services": {
        "appinvite_service": {
          "other_platform_oauth_client": []
        }
      }
    }
  ],
  "configuration_version": "1"
}